dataset,family,method,training_s,indexing_s,build_s,save_s,serialized_index_bytes,construction_threads
gist1m,ivf,rabitq-ivf-raw,14.703828662168235,0.6624991721473634,15.366377223748714,1.55181243410334,4000476046,48
gist1m,ivf,rabitq-ivf-1p4,14.841738895047456,1.7135350201278925,16.55532868532464,0.2537568719126284,648476034,48
gist1m,ivf,rabitq-ivf-1p8,14.541446471121162,7.025055922102183,21.566568977665156,0.45164870796725154,1128476034,48
gist1m,ivf,faiss-rabitqfs-raw,41.60687803989276,6.758632214739919,48.367109845392406,1.5819987310096622,4009934430,48
gist1m,ivf,faiss-rabitqfs-1p4,41.239345733076334,13.162328890990466,54.40425459900871,0.28943439619615674,728962696,48
gist1m,ivf,faiss-rabitqfs-1p8,41.37886307295412,39.81617270922288,81.19657412171364,0.51593446591869,1275188872,48
gist1m,ivf,faiss-pqfs,34.52272639609873,6.5879326411522925,41.11183687672019,1.5885270270518959,4119607590,48
gist1m,ivf,faiss-opq-pqfs,232.45455483580008,7.514239463023841,239.97109729098156,1.629965650383383,4123370861,48
gist1m,graphs,rabitq-symqg-raw,0.0,38.73717326577753,38.73719131015241,3.268616213928908,8064000518,48
gist1m,graphs,rabitq-symqg-4,0.0,38.40828195307404,38.40830117510632,1.8603721661493182,4712004378,48
gist1m,graphs,rabitq-symqg-8,0.0,38.416935969144106,38.41695372806862,2.042469825129956,5192004378,48
gist1m,graphs,rabitq-hnsw-1p4,1.2380108321085572,70.56828525522724,71.80634994897991,0.35435156989842653,768589041,48
gist1m,graphs,rabitq-hnsw-1p8,1.3915513390675187,76.69357230188325,78.0851734620519,0.5540446750819683,1248589041,48
gist1m,graphs,faiss-hnsw-flat,3.4594908356666565e-05,78.93601581081748,78.93702552421018,1.6070536905899644,3984258362,48
gist1m,graphs,faiss-hnsw-sq4,1.0616188147105277,55.10552563937381,56.16821300517768,0.24274761974811554,624266078,48
gist1m,graphs,faiss-hnsw-sq8,1.0816914499737322,47.12117446027696,48.20351363904774,0.41724564833566546,1104266078,48
dbpedia,ivf,rabitq-ivf-raw,24.29245251091197,1.8862061300314963,26.178707384038717,2.582001658156514,6383774478,48
dbpedia,ivf,rabitq-ivf-1p4,24.332880606874824,2.885876853018999,27.218810306861997,0.3972435803152621,1021142466,48
dbpedia,ivf,rabitq-ivf-1p8,24.355551805812865,12.417853215243667,36.77345839003101,0.6979606719687581,1788374466,48
dbpedia,ivf,faiss-rabitqfs-raw,85.28691623080522,12.971096782013774,98.26071831583977,2.706343464087695,6460068638,48
dbpedia,ivf,faiss-rabitqfs-1p4,86.94140290375799,28.046236151829362,114.99026683531702,0.5991422357037663,1423356232,48
dbpedia,ivf,faiss-rabitqfs-1p8,119.86079298425466,91.1069279271178,210.96929090702906,0.9999383529648185,2511745352,48
dbpedia,ivf,faiss-pqfs,99.81868983665481,15.401424441952258,115.22205780772492,2.5630933842621744,6579360742,48
dbpedia,ivf,faiss-opq-pqfs,1414.2767510288395,13.646546002943069,1427.9251843532547,2.72974043013528,6588736557,48
dbpedia,graphs,rabitq-symqg-raw,0.0,59.398011999670416,59.398029705975205,5.063656691927463,12659328806,48
dbpedia,graphs,rabitq-symqg-4,0.0,57.92335021216422,57.923367423936725,2.850183868780732,7296702970,48
dbpedia,graphs,rabitq-symqg-8,0.0,57.16500317910686,57.165021975990385,3.3480491428636014,8063934970,48
dbpedia,graphs,rabitq-hnsw-1p4,1.5930713429115713,111.02135393023491,112.61447793105617,0.5676363878883421,1127498521,48
dbpedia,graphs,rabitq-hnsw-1p8,1.5328591028228402,122.56575142173097,124.09866199130192,0.8250842890702188,1894730521,48
dbpedia,graphs,faiss-hnsw-flat,3.532087430357933e-05,147.53378360485658,147.53478899691254,2.6907204217277467,6281970202,48
dbpedia,graphs,faiss-hnsw-sq4,1.7431773450225592,101.82403805106878,103.56827840721235,0.3557668989524245,911358526,48
dbpedia,graphs,faiss-hnsw-sq8,1.7862217500805855,80.66227205796167,82.44955762801692,0.6384039986878633,1678590526,48
